"cells","searched","pops","habitatSearched","Central","Low","High","alpha","beta","mu","var","Population","target","prior_ER"
4057,618,68.87,15.2%,81.6%,56.6%,100.0%,0.78,3.46,0.184466440962534,0.0286968168431608,0,Crassula connata,0.59
10,10,1,100.0%,95.6%,90.4%,100.0%,1.17,25.53,0.0437749719698322,0.00151124105936707,44,Crassula connata,0.59
4067,628,69.04,15.4%,90.9%,76.6%,100.0%,0.62,6.17,0.090779633372869,0.0105938726781336,all,Crassula connata,0.59
