"cells","searched","pops","habitatSearched","Central","Low","High","alpha","beta","mu","var","Population","target","prior_ER"
4061,622,68.94,15.3%,81.6%,56.6%,100.0%,0.78,3.46,0.184327961972209,0.0286704276151949,0,Crassula connata,0.59
6,6,1,100.0%,95.5%,90.7%,100.0%,1.46,31.07,0.0448911833630619,0.00127872239255127,44,Crassula connata,0.59
4067,628,69.04,15.4%,90.8%,76.7%,100.0%,0.64,6.33,0.091510803422751,0.0104369294524416,all,Crassula connata,0.59
