"cells","searched","pops","habitatSearched","Central","Low","High","alpha","beta","mu","var","Population","target","prior_ER"
4061,622,68.94,15.3%,81.6%,56.6%,100.0%,0.78,3.46,0.184320751476673,0.0286696665585324,0,Crassula connata,0.59
6,6,1,100.0%,94.8%,89.0%,100.0%,1.31,24.08,0.0516691060825444,0.00185645448237195,44,Crassula connata,0.59
4067,628,69.04,15.4%,90.4%,75.9%,100.0%,0.67,6.35,0.0960226609410147,0.010821750534436,all,Crassula connata,0.59
