"cells","searched","pops","habitatSearched","Central","Low","High","alpha","beta","mu","var","Population","target","prior_ER"
3710,338,15.74,9.1%,83.0%,58.5%,100.0%,0.7,3.42,0.170301410724288,0.027555849791101,pot,Meconella oregana,0.64
357,205,1.52,57.4%,79.0%,56.7%,100.0%,1.23,4.63,0.20950355971765,0.0241686883612914,MO1,Meconella oregana,0.64
4067,543,17.26,13.4%,80.4%,57.3%,100.0%,1.03,4.21,0.196423293029255,0.0252988553535667,all,Meconella oregana,0.64
