"cells","searched","pops","habitatSearched","Central","Low","High","alpha","beta","mu","var","Population","target","prior_ER"
3647,307,15.48,8.4%,82.7%,58.1%,100.0%,0.71,3.41,0.17306360037473,0.0279063265546631,0,Meconella oregana,0.64
420,236,1.78,56.2%,77.8%,54.7%,100.0%,1.26,4.43,0.221599278241503,0.0258028748787437,55,Meconella oregana,0.64
4067,543,17.26,13.4%,79.5%,55.8%,100.0%,1.06,4.09,0.205216398396526,0.0265128803341304,all,Meconella oregana,0.64
