"cells","searched","pops","habitatSearched","Central","Low","High","alpha","beta","mu","var","Population","target","prior_ER"
3703,419,15.71,11.3%,78.8%,52.7%,100.0%,0.92,3.41,0.21206166378472,0.0313654804245722,0,Plagiobothrys tenellus,0.57
7,6,1,85.7%,79.7%,60.5%,99.4%,1.65,6.46,0.202965325283928,0.017767498121633,66,Plagiobothrys tenellus,0.57
357,205,1.52,57.4%,75.0%,51.6%,99.4%,1.55,4.66,0.250240362996082,0.026025787691716,67,Plagiobothrys tenellus,0.57
4067,630,17.26,15.5%,77.6%,55.4%,99.8%,1.4,4.86,0.223525371525359,0.0239006128349666,all,Plagiobothrys tenellus,0.57
