"cells","searched","pops","habitatSearched","Central","Low","High","alpha","beta","mu","var","Population","target","prior_ER"
3640,388,15.45,10.7%,79.5%,53.3%,100.0%,0.86,3.33,0.205074600703966,0.031427658462674,0,Plagiobothrys tenellus,0.57
7,6,1,85.7%,79.7%,60.5%,99.4%,1.65,6.46,0.202965325283928,0.017767498121633,66,Plagiobothrys tenellus,0.57
420,236,1.78,56.2%,73.5%,49.2%,99.1%,1.59,4.41,0.264688026788461,0.0277992717003163,67,Plagiobothrys tenellus,0.57
4067,630,17.26,15.5%,77.2%,54.7%,99.8%,1.41,4.76,0.227926250670613,0.0245573400200274,all,Plagiobothrys tenellus,0.57
