"cells","searched","pops","habitatSearched","Central","Low","High","alpha","beta","mu","var","Population","target","prior_ER"
3703,419,15.71,11.3%,79.9%,53.9%,100.0%,0.84,3.34,0.201345820084551,0.0310245420054756,0,Plagiobothrys tenellus,0.57
7,6,1,85.7%,79.7%,60.5%,99.4%,1.65,6.46,0.202965325283928,0.017767498121633,66,Plagiobothrys tenellus,0.57
357,205,1.52,57.4%,75.0%,51.6%,99.4%,1.55,4.66,0.250240362996082,0.026025787691716,67,Plagiobothrys tenellus,0.57
4067,630,17.26,15.5%,77.8%,55.7%,99.9%,1.39,4.88,0.221502305517928,0.023739979706356,all,Plagiobothrys tenellus,0.57
