"cells","searched","pops","habitatSearched","Central","Low","High","alpha","beta","mu","var","Population","target","prior_ER"
3640,388,15.45,10.7%,79.5%,53.3%,100.0%,0.86,3.33,0.20508042635331,0.0314281076231582,0,Plagiobothrys tenellus,0.57
7,6,1,85.7%,80.0%,61.0%,99.5%,1.62,6.5,0.199905289185935,0.0175328490036422,66,Plagiobothrys tenellus,0.57
420,236,1.78,56.2%,73.5%,49.2%,99.1%,1.59,4.41,0.264688026788461,0.0277992717003163,67,Plagiobothrys tenellus,0.57
4067,630,17.26,15.5%,77.3%,54.8%,99.8%,1.4,4.77,0.22671142129459,0.0244641824645358,all,Plagiobothrys tenellus,0.57
