"cells","searched","pops","habitatSearched","Central","Low","High","alpha","beta","mu","var","Population","target","prior_ER"
4058,707,1,17.4%,73.1%,45.3%,100.0%,1.19,3.24,0.268987265293933,0.0362083987172574,pot,Primula pauciflora,0.57
9,9,1,100.0%,95.8%,91.2%,100.0%,1.35,30.98,0.0417137074667164,0.00119948981116868,PP1,Primula pauciflora,0.57
4067,716,1,17.6%,86.3%,68.4%,100.0%,0.88,5.57,0.136716076027387,0.0158335251059024,all,Primula pauciflora,0.57
