"cells","searched","pops","habitatSearched","Central","Low","High","alpha","beta","mu","var","Population","target","prior_ER"
4058,707,1,17.4%,73.0%,45.3%,100.0%,1.2,3.24,0.269670941250395,0.0362550409290044,0,Primula pauciflora,0.57
9,9,1,100.0%,95.8%,91.2%,100.0%,1.35,30.98,0.0417137074667164,0.00119948981116868,77,Primula pauciflora,0.57
4067,716,1,17.6%,86.3%,68.3%,100.0%,0.89,5.57,0.137147602070361,0.0158754345711711,all,Primula pauciflora,0.57
